mass,speed,distance,altitude,energy_kwh
652.3361570332218,76.36721800640561,90.1570053261937,4863.947745852553,45.104947297306765
749.4345566512906,59.31248853601717,134.82432519621693,6755.831286220979,44.46807560412392
505.55969355385633,42.351668210419625,109.37136936108334,22.04598727262752,23.773297396319045
586.3229329508887,74.93138341699158,106.59224022001732,223.73356602471972,59.41240019431597
606.2815063839278,35.34526531567871,136.77619579046217,7114.262960764387,28.87844931666654
561.110785256421,58.01031338223681,87.18091454839156,5646.3344928244505,26.248200482288386
791.614210820943,35.41419607799555,85.92297451886176,4185.112205283795,24.41005033511177
542.6769637608871,45.55037678558033,62.22380831719701,9489.871516186931,12.721427661419979
589.7895451094562,60.951266633602316,71.31402774685472,7649.143256507341,22.181667830040915
662.150059345767,62.791768969836,78.58356173606697,1134.287211668209,31.56767414467
737.0895899437147,65.54830284027148,128.43877819564887,6125.80364689098,49.07772407871682
502.94671216072,45.40693606442734,54.85610560420984,2176.4800019856766,12.362760598049189
783.18760311229,58.73671474621329,71.36283201962851,3333.3343326279073,25.54009718658184
597.7297800915625,71.73328969155475,85.39289684117702,9454.134543382328,32.83123752443052
623.4777173209958,50.54268864900584,50.4192845300231,4859.216152656012,13.284756826005307
514.0717291082392,36.953945820258255,55.65389730035059,6267.4698824801,10.041951018679136
656.170099781041,54.72672604634112,128.15720678179468,5027.618329798702,37.80651792995586
693.492047818814,58.957594607670174,51.255935985146465,2823.2295062348667,17.99008191281365
500.7610095053312,69.15915329642533,66.42345590087717,4050.2666176489156,27.79910818435579
644.2331673108606,77.2584538262086,54.493619192236295,7403.113743065332,25.634812528058568
614.4252727974722,45.74123320465756,60.98821642999916,4073.6858870469537,14.59924016907288
732.0240753666894,68.4361182983686,97.16552072397765,4741.061980484561,41.18311620644935
792.0526587969064,80.0000365785597,93.44191239613612,7727.640925941778,47.54788804186296
763.5289139377176,60.72228899468765,110.08739997526095,5940.396558011347,38.37087739745502
650.4254368632324,66.3703352946995,118.55529709295556,9822.450200395459,40.50043426000751
766.4497527724732,81.70441693765025,71.2858187333528,6422.9005893021085,38.973461486848265
734.3220675096101,84.99900675756183,74.08728871530631,3661.8482309105116,47.31531652405776
680.658426966508,70.8388554025723,55.01609295385603,1486.0527410752056,26.954577277563956
796.2573185478511,64.4781574746736,96.66218535744403,7258.574862156448,35.85825726253109
670.540687708517,49.256870666182984,73.60475530899554,6161.168670476967,19.105333734489584
645.2268845438451,58.10558316409454,103.74766067178521,1631.8477723800838,36.12706198578846
793.7350601653545,45.35549231061558,147.65372337087274,6530.560968860473,40.92337108769191
616.4652697598775,48.9866896473116,140.69305997718794,3776.441178529778,36.395445079677934
635.5031595643252,84.92107843061132,58.51793940040035,3997.314223921451,36.50771841236473
560.0024467199536,76.33239939094287,86.3921906414255,3073.745005330788,45.17679833895667
514.9633154033422,84.28864993653659,61.53471644988596,5347.294080976371,35.7385256334697
641.9736825459345,60.091118485366636,148.08474301871607,3791.15115981301,51.103072117222105
592.2571982039451,64.81486860105251,125.3337514718804,7955.70553897531,42.56441509743148
570.0917681268728,39.62023196868019,66.86690370329715,2775.7065354537435,13.918495757796054
669.3853468427845,38.520478623486035,115.16442804444753,3479.876482942791,26.77725256688351
531.4897062574429,37.469486241426125,57.425661357074745,5856.262614290911,10.729638067972877
752.4695627977974,81.93725987201191,140.21188689458964,1349.851200529728,90.51581216042834
661.7034305935383,51.736549956920996,135.81280848762503,3271.616095155456,38.97812907989409
603.264916623596,73.69312181105889,133.41932758720617,2117.8778426557496,67.88721785674366
562.3436992927269,71.6956608965785,146.748833011859,1067.6879089859958,73.06449648080923
501.10326029607745,82.99837017549211,129.39503791071485,7361.82727787328,68.05699872061518
777.2976264055332,73.96065202300774,83.83514885581741,7169.138188113645,37.97968205563329
553.8974266654102,62.94205067209437,137.84029938238996,3116.071648699934,50.890201750265035
640.5810356901576,41.9358526410191,115.5375656708304,6722.154071617301,26.053707080851787
701.8120814352504,35.36671387365574,148.63842096148335,5243.465404990474,36.761705647948446
552.5214031699821,53.15827964254218,57.6894261370463,8980.256681619063,14.079872524274403
711.0692027482818,57.74459019551912,50.94820215920033,5648.565581968196,16.336725833744175
604.562566850839,56.98247423908005,110.0541926889631,2786.0987451743144,35.48963024764343
541.6371165499937,38.20259167124415,124.09236742994987,7545.867858203786,23.477523410673683
513.1807268213169,35.03464696974011,118.32013541521718,8661.688504339209,21.012482754098468
740.9892185351354,72.52038352291179,108.62579842562559,1811.6768409158458,55.48368485278299
576.5659548810895,73.6983114617666,103.32592279156248,3147.819405589446,50.638268159338956
569.9266830424984,63.6620414180784,116.68144797005105,223.55089897035606,48.25441564291401
545.2354696924803,78.82561984592436,116.18758560016472,4434.7520355498045,61.52754801403276
749.6916727400476,60.29412778823537,103.97416084215983,8075.525541574908,33.99398678623551
723.7388618622143,71.84552449671187,74.13672274141103,482.26937248029066,38.71800868925621
589.6095734240498,37.22481936841135,98.3281452072192,5977.8422246230175,20.092028751965127
614.4243128368998,81.95393635290179,147.04699617421429,9249.934991842712,72.06742680759778
783.2652472125496,60.8327328100855,142.85955082281157,6912.537586649572,49.270989481768126
789.8998388370335,82.93018533045901,96.16358669408974,710.2891207601148,65.07721187451126
702.3516702121415,53.56832657353231,66.10769576138988,6711.137620075345,18.88813161613724
647.489410079485,58.79533988346958,61.17864477174692,3867.918833200028,20.430585970690057
684.2746298823015,42.97020569228722,61.20989006945994,9534.14616277914,14.525298489322703
740.774029957726,70.99767467768336,107.72731605945307,1152.0290689534907,54.13811770590662
770.0336734063064,58.80771700157645,52.98189051949945,3565.944213522357,18.77852068511657
750.570548053603,35.34001678749189,95.73044515800422,8803.986594657197,26.762024408285676
661.9214185565679,80.30160540207214,72.31201521060865,1366.880571945539,44.50479893495711
713.0452403956292,68.84090531954334,139.81842936991544,7462.702065553347,55.07012813674795
513.5963307312287,56.87148530531972,55.48417701092948,7888.620118419277,14.928957151808026
564.141463720057,42.86722903524266,59.51175680481027,8604.512728686863,12.107938968667472
736.8008090227257,55.85224945369875,98.15444587199835,2653.6766296550363,32.72184567209521
721.7855136335016,58.063915261779684,103.8826629093074,7280.3782516110905,32.52327210938034
596.4316517793002,44.54065538678135,120.01900374969867,9310.824503756698,25.78427746219434
644.8884485747593,46.47625628576194,121.95593634207673,8032.691030162506,28.784807368645804
550.4582220693874,81.2250764685555,121.06312840490865,9987.64673609418,56.41514908617568
692.3335119833677,60.62338209850347,80.98576482011242,4679.046312768445,28.188987257149552
798.9170501146591,43.751655674331964,69.60126794372016,2928.7278225103896,19.574239879063473
782.6852072353995,69.07424496221697,97.95858838247253,4726.589368768852,42.7400851691125
644.5135104753384,63.32929819982641,114.25582394041174,5849.44219335866,40.42421126523734
796.3955340838017,63.937272868418646,55.14830130986197,3833.2757032780482,22.02883139441803
721.6975857596221,48.35212469703988,101.05012262608301,2505.216920707306,28.4958100165249
669.1610936399628,72.58004544015819,103.456720690466,6997.13000958196,44.48056465140323
580.3502572498506,61.574986051173404,129.95707834036472,3572.7288765689536,45.95488200759171
504.22872966296063,55.42581786148446,60.559564339528414,8380.790176766946,15.40821968503922
779.4026674195223,70.97771005133112,106.98336434968559,5540.9301628368075,47.57249190564542
622.7217853796342,79.65122601579174,90.37747947952516,749.9507945367056,55.698481868690074
725.7130433833228,72.66301700190105,134.72135967428198,5572.962011580896,61.3715394844848
579.8198062364191,64.1439694727845,99.00947032861671,6591.2795677668755,34.25419094459551
721.4306722992059,50.737215535532286,71.22007740844622,5459.4252157743185,19.990817823156668
745.2424310793502,64.2644137622158,85.35970293469026,7561.214771500613,30.639211064425513
664.2472004854127,46.13379871314046,64.10766201203035,7666.666282344114,15.43407987710575
624.3354837257991,68.56265940051009,108.96034735694546,2981.0416944342564,47.594433866399974
795.8517015101991,39.96599158067053,57.14384130049955,7508.842450346405,15.923675020332569
733.0307082783302,43.94310620928492,98.02244571765047,6520.6803108159065,25.149791911212056
609.3565640219595,56.34085297181477,115.54486864148697,3602.6481789801246,35.91184283069063
520.6362747951432,40.5097434984729,89.70613007646021,8036.896659651037,16.785428424908485
598.4855347812424,36.45008607533765,81.57236723268105,8708.129018353535,16.970412150021815
518.9845605360003,61.839128412521234,132.07932362849616,9854.633493416943,38.38236488103585
587.8022177431528,78.6290380192644,62.21360162056753,9386.512274337227,28.055209517919014
743.7501324207637,64.74077829115045,132.39509586097228,8184.147863842546,47.24423580355064
550.5952043185443,65.75485950991953,111.2081863572829,2175.4692737159107,45.590635599226374
787.6358009689325,77.3442611117308,66.91085704419186,85.85744152517893,40.7183454553587
539.6482774553582,62.438350528475304,64.12682639540823,954.5501079839447,24.882078429112322
764.2950898604593,63.32255037115193,88.59051866698775,3845.577505892587,34.4943291778195
798.2058946668083,76.44358848813289,107.92748378841586,7046.89357562447,52.031277216858044
598.6425108759246,63.82036953109824,97.71737618317106,1884.960728665228,38.797918023731995
648.6587474583378,35.709189094045975,55.907647941578055,2721.861681971692,12.547155350284244
672.3498303823445,38.260414370852494,99.43570547767587,8036.520327716884,23.22964715571172
690.8945790688107,54.878560935777585,86.14556641004893,1688.3023294747234,28.09136480107529
701.1315272091765,68.04428879575283,108.7678977829597,2207.728379388748,48.83393151787145
604.0800929099903,70.33391429132068,79.91492084993851,7387.333124465781,31.69264168568897
775.3651321145078,66.18470470716949,126.8435301469082,3031.032259788875,54.17524660645275
768.2296079534791,53.73901495468317,73.24737863958842,5051.940875608718,22.61099367577936
739.3870864511985,78.84535279978917,77.75177403103486,3735.648156908492,43.27547593383504
589.5506733980932,84.19393851242428,92.51877586532702,3008.7043648165736,58.462006283180514
599.7509042674354,55.9321829838201,54.9630405385779,6956.430319541442,15.459764328223418
662.2370996919138,51.35033801318839,56.64656487717631,4968.930186606963,15.565546865204134
783.976442660572,40.79910264181559,75.52389167769213,5625.675997523554,20.49514449598426
720.9124796693776,65.31163229414443,53.88716807753837,2637.304785013421,22.444008908006307
599.0806966981006,52.46204634357531,104.5901815922297,789.4200340249746,31.386909789371238
606.5898401638431,81.12721734331194,142.74200547695554,3051.233219969215,84.13771033243742
661.3420324435576,36.965277499503735,120.2607710972187,2760.146506662353,27.54441452076407
526.7229208936842,42.92659199154187,78.62104024269556,8037.577282460529,15.384896945853262
573.3315499272352,45.80707633317816,116.01705126210412,1745.4816840634758,28.089934454528105
510.3222893642671,48.84813051395996,98.9881981738189,9565.73271147433,20.912657393658566
596.5470762561827,81.58489062906048,113.5203139095942,9005.282372839358,55.46544522291846
550.4356727269327,55.115175724045514,68.81010154406474,8419.601163574998,17.81013873158596
736.8303894304493,52.57287795801727,112.12539218224077,9377.212184808976,30.943257732162607
788.3803620455756,84.98235348638985,147.2278654456943,7375.18323881513,83.98785462953145
676.2955413295853,48.92115881614315,118.27984127405131,3711.854021358986,31.943435194111434
521.3841268641156,61.48552737020101,131.95733083172047,1527.0854677672685,48.744404942638695
652.4255446443349,55.55705866088866,73.22341945833482,8981.13252461509,20.142812828378
643.3365630443099,67.59459340443314,138.05945092275195,7911.775979868364,51.04519444672398
781.7635334371695,77.06870776485758,64.05479540667397,6686.286387354683,31.5231011397821
652.775539906595,81.70780874319975,63.372313445758145,6805.984939453432,33.63120186349923
729.8775726628617,52.45006023826315,136.18013393854295,8517.420595888125,37.758798068902976
735.1295010012946,48.58233708906866,57.707905891135304,2934.0770638919967,16.393859156034736
745.5199756617187,61.59719293852433,52.324618980878356,969.7908147083479,20.987725256365884
513.2988072281853,45.43572303414301,80.07822580431385,7202.121188582872,16.437126842743982
673.8825281706919,73.02361904985452,79.57268954740869,5914.787616396871,35.76328960850993
765.6776636196828,82.67721272015233,84.4802194913235,1999.9601692617487,54.35456264835039
593.2401132369456,45.74038235768077,140.2470530597008,7716.350408023207,31.136270433533223
699.8181531325008,46.70763374373127,82.79507941151462,9058.559294978124,20.5789243953865
616.6399474892787,64.20715415216466,122.94802075191417,898.2850230999106,51.05670212414262
685.7775543575902,79.83735483313347,117.22082086498506,8213.871564727253,57.379805108017905
512.5190720816292,60.24288485305453,77.56540756358153,6086.025430358732,24.032781439485095
641.6506298163192,53.79900924970248,73.15836011543462,6375.169034528407,20.33146287218544
677.3524085754216,68.55791446503636,90.30113401531906,7872.821914938399,34.54838907872025
546.0372975690725,48.295517165109445,109.57865706748818,6148.903887665323,25.220002270480595
624.5389217614133,71.25695614082326,91.57653724259896,2131.0678808597027,43.98136465515901
713.3018774763375,63.26934954670651,63.05735575982605,2110.030328530239,25.293081633560725
773.9737057173252,40.54412601432662,114.01200176793826,3176.294453954076,30.580077028563004
579.4806653393885,69.89621660077314,115.97490507840608,4576.507744688104,49.37680353885966
601.503401103993,56.893254908973375,51.24801948536616,8997.268373550425,14.059415852972672
567.5755050283702,57.188939204509744,92.38386622513438,8959.835294925106,25.061357727729483
748.5638933128033,66.8037278011546,103.76227665110187,6832.029584508767,40.18114891856719
677.7110870028894,39.39674924900407,125.00420975756687,2248.7120304389086,29.714101619207792
640.5247269698384,64.54689149364322,139.32908671739457,9851.091643948408,45.45219162826213
699.1562793429148,66.49026871544237,100.78755708866694,9185.958872362242,35.772995303453094
789.3186080199123,54.528906354360764,115.62697181212083,9125.538612239015,34.35945255108508
646.5577047959307,59.58140693976871,87.06371449438238,2382.3376284755827,30.88085619348392
776.5907093077208,41.45322122929281,78.70930862591301,7622.083214247553,21.187982359186364
715.0265303676771,69.16248005817008,135.8022139197505,7536.737379191809,53.799995418545926
554.0646829522445,81.32479498709995,112.24343272618458,8019.559210555358,55.96186870510329
544.2926635923614,77.90570172163258,95.54504588497075,7824.035635136543,44.24264613831597
556.4661043376732,70.38846081713967,80.77416618926719,5141.453659441875,34.04311501802489
521.2264865964922,57.792323437464404,122.48904246701399,7783.454923726274,33.98604285613825
636.1800999779479,58.218546825932776,124.11248162096953,5973.169994813236,38.50040151815273
569.0959884783432,42.344144880680155,140.49238075052347,6170.6428796796645,29.316353503980082
553.0448476722546,63.251159435114474,76.32052234976437,5747.548846299219,26.232188954202545
616.99525741336,70.92525710604758,58.65745364597063,7535.613751999398,23.564421770945444
503.7742327549092,38.668241827783845,142.41969309072323,5986.342669644927,25.881762862761153
789.6387948250917,45.27440194706868,84.55697099843184,7807.404943770296,23.198253879411226
510.49193567731237,47.51865321611905,83.21811455055293,919.3972241573733,20.64427706188817
558.070141994871,52.82621390199067,96.92303306202979,1139.1470060015508,28.581614501729334
777.9229165560184,64.26408172073937,115.93236350869995,3973.6911061434844,46.19100701926713
695.7164949297256,42.7641770812907,116.67656604304204,9207.01071096559,28.125772904901776
703.1416069487998,63.66405734144654,114.95510083748087,8541.556518621073,39.04602816054872
757.026062278579,83.11174338923823,120.35552414085585,6236.810400400777,68.10893180684855
604.1338393193423,70.42786449384847,106.05228887158665,4716.126449408622,45.78757392517038
548.7033996233403,67.42933889602966,139.52789105095002,7263.2635922043455,50.96220289225137
662.8004686766383,46.18785085899221,101.35368979275705,4952.363289749454,25.214585046048683
722.758722292242,42.72633376595469,67.39654865498127,4423.8312425168415,17.144642319985117
697.3728463666711,76.98738324908041,128.27558429752492,9646.022395358083,56.596006303987785
765.5055313789699,41.73295668792721,55.51828462327627,7279.675685481881,14.707430260933961
585.5912680858082,69.6568976776838,139.72594948271882,9849.649989095707,50.37568720632094
612.5848331832995,76.23471768597544,130.42133532514538,6058.079795186374,62.18793434942098
740.7040907247233,65.15361204653973,118.05631011492534,8168.1035804592275,42.46692098818549
776.8797620159085,59.145188324342804,144.01472974976735,4113.763444171301,50.92568345822985
709.8357832923732,35.21015012720716,135.46743611386904,3949.8398501898523,33.73042904459585
553.1266179272259,65.24221017838171,54.95210854206288,9079.212498980181,18.01692930581032
754.0381981366031,47.23310510186381,53.741267942748316,8444.927255386592,14.30065124860375
548.6573747605137,64.61353798397245,111.06645573606801,1832.751280262025,44.609050265588365
729.1437892835165,72.93568688170258,103.65339745840083,3476.133462344937,50.675551280883774
795.7751400384137,63.53844076492601,107.00877300384403,1807.2851013142345,44.67511369029921
526.9377073606911,37.24575201546436,134.24689383294708,7612.63123870541,24.630490293670363
564.7173667838796,51.01604160859695,69.53060750824483,2215.183755408623,19.00913987117155
623.535502408748,48.05520551493863,139.1310806532993,3443.843234773135,35.64990109846776
775.417250164907,80.54298629200767,62.70552753503871,6214.742654730962,33.70712285859363
542.1867557200896,73.7283778031011,106.21555749679106,8261.718691319797,43.88270618765237
595.6805771191327,47.90949173881427,70.06789168779537,304.452908901045,18.764683250589346
536.6364106788667,68.10508982472757,54.552197991434724,6830.526548161997,20.48038981807943
735.7891151133533,84.8837830820934,117.94009688491401,2571.3919795676234,77.89870826959515
583.1782462687435,37.588936350256574,144.3332334842707,8001.867597354217,29.125662421444527
540.768615395369,59.809887553551576,63.61053168917205,6575.0334708097935,19.409829159041866
507.31714061510166,47.25518087478521,133.10301905255332,5788.684653658147,29.185995387039636
509.338954004731,55.25816153487938,113.80196182281318,6082.271219155662,30.72458247671639
731.1493896631679,38.893623667544546,80.31492610802201,9255.409457991444,20.673513946013582
732.4240522786662,79.66475643388674,133.71709334197175,7608.992952002759,67.0256919494109
768.346284363434,71.90544178806955,111.28175039926856,3967.627669877334,52.7658100907162
567.2812063942603,42.175338599710095,90.97432713993044,122.14622416651832,20.68911211242923
537.4484581658537,38.068916960229195,129.30959703090068,173.65919437250187,26.02876866559451
729.0626846955483,80.14386753714342,147.03063798976046,4194.94374189343,82.89834799268189
520.6003116325516,52.66264724507823,109.21059699482677,805.0552018376145,31.838978561527302
715.8567986797036,37.641566311586395,117.68501813730457,9554.175840993077,30.00603653954101
632.0112520969749,77.57908271516581,126.39492980889658,9791.642709663729,55.43744541790115
639.9662392049221,36.753369151152455,74.42857950243788,1245.4166413692158,16.598829021244768
591.2866085686267,64.26251389219577,131.67109137789885,5086.3923887227265,47.9300018453127
552.1651441556136,81.18148549626012,141.9530982465909,9457.420311080365,67.26122781240488
665.7990762678382,35.556473559097995,128.34419743499876,1872.9374549296274,29.565707199313547
670.1360412079348,50.082111897446225,78.32980427842267,3636.9339761784836,21.61300438377089
599.9849782164594,51.97488588349101,132.18035034140274,3578.251157491209,36.553000644861655
718.2143402349067,57.68366919600219,136.06409142998197,8896.720724649602,40.78839736209154
748.9171883336343,63.29148456138899,88.02663746160081,8196.034101647916,30.51985496208175
504.5295716135836,59.59727054550626,149.3860899347465,2674.2566117470355,50.23662386187646
676.1052170065319,42.014851170583995,116.89198251776406,3088.3651161022717,28.321679007445216
683.4433828956818,43.18381876411489,50.407448279143686,9277.26835747071,11.9664160273601
527.8074012577761,67.98296732546808,98.746870482314,6823.196385339426,36.88587937389214
778.6384472467473,64.7211462866766,101.7739469742369,2576.091199724263,42.566434361401036
620.6161687172483,46.87062437144486,97.7206598348622,3712.6935031519915,24.22132864413805
733.5443786323169,57.65357006270666,107.25591244325764,7418.763512053932,33.42083349508297
550.5767450608372,53.47614446393001,135.43071010660367,9871.211788089508,32.60394018725444
658.3937938105687,50.22843665816377,145.0095813137931,8673.031784036988,36.43502645884859
580.10529514684,59.51784550760232,85.51940724739927,7297.057800221833,25.804153177470454
635.8200355481612,66.01758945748188,81.68508210969459,208.19987878907153,36.512622489044816
592.1641691960432,74.75184814260518,58.421849554672264,4366.569841416984,28.30339806433674
514.732505755676,77.76326891663427,87.85870759809374,1602.1523947535698,49.73977213880974
720.45176435273,45.64039778322217,134.57159128124118,7117.977147885153,34.390512377679464
544.3762504508782,35.90271806351373,55.58638851430903,3030.8081540761877,10.6229374484844
631.14764411735,69.65880744817069,64.17700085913634,5175.909812033902,26.960782052273355
786.696414045374,60.287845246521854,122.95183769512211,3862.619951676346,45.04692483539775
703.1515371230951,52.98442814094332,92.47131507384744,7472.4496745496745,25.7834103203231
613.3520314262195,41.83521416628534,107.93997829503215,9903.568955789025,23.047504390393055
606.4101986638158,82.10429079151959,116.13020788287825,6218.68400633252,62.98398991096555
635.1323614786057,35.23966089563764,94.07494984641977,2654.289797331808,20.67297760459827
602.8428356026112,71.0593133509728,113.21685361409408,1711.6143515801584,54.64103860281364
583.7921179590717,42.57788808283143,80.82533762811137,7182.027264969989,17.032656370614255
502.0411468569582,74.05526200340375,93.23090665364168,5708.215820635518,41.89352534008851
517.0446247952588,36.006153947036175,130.59692556396035,5097.340515185548,23.64063275308209
605.5707709586371,82.45168799268487,65.90175945248896,9163.611770120331,32.69954611770591
627.1306730354135,65.30361183541912,133.546992908366,553.0458591234755,57.847641012823544
572.5404897965864,50.15206588114009,137.35569745214045,1627.498528124859,37.37095096478019
551.4042349231619,49.04738195252514,99.261769216195,6763.6976275089555,23.057820365055424
621.163126515907,64.02669509770011,82.84107945734884,5116.067927093457,30.2186892759544
582.1109215618145,42.8503554047357,128.49958735876925,4160.598815682078,28.16630756878815
567.2410294732933,75.74765731995768,82.05014562186196,8852.596135582402,35.0785841297962
730.4589837172128,67.87274982878301,82.49055208511776,1302.5091530033983,38.14834118742568
564.2683258601119,78.06423387358211,58.02602626991326,8409.452396620238,26.54586929182186
564.0480967035097,45.01344165852644,86.95497141926373,771.2686654475432,20.90894712777068
621.2729100847619,46.10702500105111,112.86501328968005,4380.165230756394,27.241874932721124
697.757524373722,35.43112192159136,146.07119313679593,3509.0586628444466,35.52084292414103
790.1774250160328,66.54636036040509,73.73364724930441,5476.322183804072,29.846763318971043
677.4032907962651,69.51735779037237,91.85324280412023,5963.600565467256,37.98360247332949
672.4952367197415,66.09671074130713,96.64096964721139,2667.814428972547,40.48804585380341
546.4181788816328,67.52124939876823,51.10197893892543,8975.139817250747,17.749074926522784
587.7804668325036,37.98573894642277,70.59712651627969,5790.221480143336,14.440859971204146
553.8189166265786,72.3596204358732,83.59835709170105,4353.028526177327,37.95979079928112
540.9723876634573,80.78290585196427,117.96691627456698,726.1807099611673,74.16588095845503
669.6422887287704,75.57541174858916,95.64222585616415,2756.425857828243,50.39004774216101
551.169806947722,35.14631689600144,84.6341059930968,2218.6844366695013,16.309712993975907
501.9642605670382,63.397438882067156,127.82228167984508,4736.15715051402,44.83432338625251
553.9966934305329,71.13714989034821,57.72498099479193,8350.316024843749,22.387786060415248
708.2683200667836,41.488977602949035,109.60929269036905,6465.847181786173,26.93302102169222
537.3123646041679,59.17778061667,88.13165919764452,9128.521560133076,24.621437108072783
657.7140380156957,54.08215451707369,108.03879655039171,1587.0054566425263,34.0866629664763
727.3839410050476,76.47561705343884,86.9348547699619,6310.569589552521,42.238704311511434
500.7958386074188,67.67796796841202,83.03079001277965,713.743918156543,37.26829192343356
707.1307643909299,35.61644359842673,98.08764869581665,7334.836475557611,24.81885353319281
777.6006277731691,80.72464412919584,145.8176454569873,2156.3569311062356,89.52218458052131
719.3013327366644,74.8500870793282,117.64537614145223,1441.6921883452637,64.02994081747273
691.4455552179886,44.52996067479387,116.54418365607735,4407.662978069285,29.259626924428947
551.4667621788299,61.20227772500017,134.54924055024492,2930.0421464816573,47.60468373424294
745.1574711972032,74.24179149646756,107.95008268610002,2955.3456684752864,55.46305340348927
549.7165287879773,57.95254227636881,100.63368932169844,5767.716285493827,30.007758595468665
669.4575021667513,50.22856824208892,57.78245412767441,1818.1715231523322,16.591622093941908
512.9414538171716,48.464949703412636,128.86750106516124,4735.35423515185,29.98100836395548
784.7287071512171,49.00572316435904,59.659113954664555,1170.276000709206,18.217169683105887
711.6706855377329,66.29943530845202,140.0489740043469,4374.457358594183,56.700245085018224
692.7571058005116,60.015938100598405,70.07772469021845,7655.166468157112,22.342216885708055
631.7473811454574,56.35103685378556,132.63476311562601,5911.744933481774,39.3080492432463
735.9852678751786,76.7531489817566,63.97652506023138,3710.3899943908114,33.96574981148988
781.1656859090438,69.28480438657843,126.35684840960882,9308.712784115427,48.92689083895881
516.4249884005901,74.7408652901628,63.36363376772499,5153.474704384077,29.56199678673766
602.7520675225815,62.91893640835052,107.55425345926108,1760.9794396165235,41.88548202316343
537.3356165532501,52.03754875899869,59.90659367302531,4830.345342793166,15.535814799087072
604.7495083531347,58.13686441674456,93.25209257004497,6697.122147533611,27.929134573972778
758.6764414514249,36.45121123114373,119.5577931132547,9105.594950442684,33.30654286871204
725.6564479222066,81.67235960625553,77.02174143346586,1458.416497500692,49.104032267377555
500.40173299764416,70.50155455849894,129.58441786121332,9089.778344231883,47.731677403043875
673.6796765586081,83.00400302022395,60.26558133272761,7640.836847801494,32.12592391990461
626.762655590826,84.72412588951549,96.35154975515115,373.52920716036795,67.60422826504929
743.3187865093281,64.68711875362783,79.25894248361566,9795.669192577596,27.16210795498874
727.0045306133754,80.91713239950295,137.2166433869225,2018.990243480142,84.44826866404914
795.356223077016,79.76202023098432,112.54485377491639,7597.939491926562,57.24305454860873
685.6021574518614,65.3481374829214,138.23903768561001,3161.430959342907,56.21280515289096
590.1264142071664,43.358424329707105,120.92080057167588,9694.178323987811,25.337815547687004
566.6621024284567,60.265583352167,69.16974960298637,9189.59494639395,20.09502793424636
627.4842311744252,67.60705307841465,82.36807483638395,7364.988932767086,30.799696335653792
661.6165470697181,43.19820473026032,103.80736876806087,2210.6730586277235,25.45630631241027
720.3707084464093,44.7758037661506,117.61521515805737,6400.049196835776,29.973996576944053
665.1762469527389,43.806688074356096,82.00531900235674,1903.5402538655544,20.473375371920387
729.3710521778135,48.63175378265338,140.0093197187296,4795.292634941785,38.526767396860194
548.4364063729062,37.700323019872805,79.69237210297251,4888.939485637635,15.409112417131828
787.6600436538062,84.58802461947985,110.09136486873379,4852.635008616711,67.48461834309241
776.3096077714174,55.19423304083588,65.06775060311027,2073.8564024671546,22.077027146735908
712.2503620169003,60.6499724207264,58.26700824164247,8994.425536368079,18.438109141913653
546.525587471205,52.254347562980605,78.90812210313263,9979.631893000047,18.38116133308075
627.6832863837978,74.7474604056099,51.00006171213245,4919.588480632348,24.412152979521792
706.1167613422404,40.32514639487328,138.3993068788461,6883.528131270461,33.811966713032426
559.2258863816949,84.84088001456846,50.56884489342522,9139.229775159227,26.29084549359653
717.0293075918196,60.98979935756482,71.83211491007904,1323.3130086822775,27.84907797496745
627.9264683906518,70.53775142520244,102.953245914138,7.492327070626192,52.01756418263039
797.065757094216,80.19899642097481,51.94821610854766,1334.582272483056,32.447628907315874
685.4153047829199,39.116072485902244,76.67603653582462,6508.809074740932,18.184542230836062
681.0117281680804,35.70513318765078,97.43445197204039,5213.100797324179,23.18977226793211
580.4733207749524,52.07846792257928,109.96968742599512,5556.382218707366,28.779889413852782
727.100434010822,51.88436372684022,71.36552563215099,5836.901475804523,20.410251665683962
535.1114611373832,53.303061721256036,66.04914216477427,813.8213149526786,19.73613508678895
551.8516493541294,74.98072474576665,57.81282729824557,8943.38217600221,24.129358551922035
613.9632578106628,84.21355040690834,100.54291634986788,390.8117184426063,69.62738192938913
727.0390138640014,49.761664967965174,141.25801673527565,875.1678851270328,42.39406409977725
782.8425804129612,62.658530927239205,103.5549476072395,5194.459564823936,38.64346571470308
556.5950451212319,80.57381055173724,82.79729079814948,8540.127745351361,39.905661220219116
694.2386422102567,84.83338607827514,95.91543923103306,8166.0683428715465,52.44008150137651
772.3237735540433,67.19857363233041,96.99105808771947,3812.439529196887,41.466267055475825
789.0039926381526,72.96872958673464,75.74247691322034,6520.31592256949,34.31252889056445
672.5915767329124,63.12510014318873,75.68234558170826,6852.134568336292,26.196905075672387
738.9843160561171,73.79676512944292,146.4418028548352,7870.780041586383,64.14948792788368
565.5549868318924,41.48899543905891,129.5332686596917,9817.776165268606,25.75202819007092
702.8051388876213,60.728258947236895,91.53503672410088,1624.000424996691,34.80148571637818
742.6477707806368,36.92900719692017,70.67932924942968,9942.991861838496,19.164693454729665
718.296352607611,80.3064717090927,97.43824078632323,6038.597641322552,51.9015915869872
663.3412616570548,56.368822847310696,148.13340586380627,2180.768089485482,48.934480998906494
726.8699946936869,82.33511572474731,105.0150197080337,1273.7830277426144,68.37926698185933
621.8422310371468,50.957486769119484,105.54183350812411,7744.6588054614695,26.487522741672763
629.5155775155916,47.680281353708665,122.69898358130062,1567.918919932022,32.48959143357518
644.3942193902375,83.07900172219362,73.66777094724257,3955.259902340008,44.2216957515809
686.975694952255,51.46487094743716,109.34638733494307,1796.2886861471773,32.67737948807409
727.2731757317698,47.35691463369527,110.72746500540558,9131.453001905238,28.516759431649007
517.2637603467086,64.09803183930856,55.90742533684438,983.2116458155748,22.59690899146379
628.1497141671259,47.48321216865354,126.4975800917372,4571.494681239331,31.471409032659484
672.6890332199407,49.54862557284541,101.10401369108797,5404.277945188694,26.766399488032615
729.4711348887004,74.21043467923926,131.16189596303138,8569.612994785248,56.673937290789446
592.4160179014395,70.623019412629,129.0905393491642,4403.441443752715,56.427183184310756
663.9212054190616,44.288834567598634,143.61028528269222,9363.68300256314,33.439624261984015
607.496114814372,50.871522631769416,144.7374939553197,121.57356513196605,42.46017029723815
671.1143468422927,54.2206237258024,142.59748616982264,2141.515702597787,44.82348311525382
791.5156117324872,68.83127136595976,117.23164379616604,3688.4331963114014,52.50447945389399
710.4128503691175,47.53318631480568,113.81654091858404,6652.07278263557,29.571193147584797
619.5856215217419,80.5513755235576,118.06272564210363,6058.670741789404,62.26238216601125
686.1910372721061,55.99150434079761,64.3378537560264,6178.5097263736525,19.35318273965362
649.6706794287966,67.43317934468944,127.83905886339831,9199.687876969789,45.50261559865043
695.5832160152075,57.60212130989138,105.43615776234165,3211.029548494216,35.473192283946375
681.1270424591081,64.49114502524696,137.71155231182286,9302.601739435451,46.291292136446245
655.5805797977926,71.77271693649098,138.27458809113074,8461.296098841713,55.660122181065695
676.339889813582,69.69888307805408,70.84351838503162,5346.279018843328,29.958897033496417
514.9857271772323,74.62931923148157,63.08321868573474,9775.343844786727,25.23479055776071
578.6622767308495,38.00261647629115,132.16350853290646,2600.8012058360487,27.219877930570064
625.0993471260351,79.23610208403082,142.22481161832033,4502.350913796837,76.64905509164437
567.3457837450196,35.262235570116275,141.21215963749955,8598.003775549778,27.874403857700745
601.0260379133997,70.75857612600457,94.5758553117095,8440.680107592689,36.66982317921015
558.9209472806956,76.27614593371887,88.47670983154055,9334.984555395638,37.650656995787095
517.4756456719682,47.59135901847779,121.01316011669516,2380.3128104101356,29.145848577186197
508.05735270824067,61.2185701124432,54.47907506216259,1627.4460278435276,19.844328171750828
783.1873892356134,79.60072582636211,145.3386813830178,1601.574519231591,88.64321576857718
774.5216618899999,48.47869031526968,99.88060931054454,6620.119456873448,27.901331925659218
671.3165753369269,71.15924561815916,139.65839594018564,6151.332747863473,59.61255141416978
617.1206875109264,78.77574852502613,101.18682988973418,8651.447456445172,47.119603128012415
747.7462634211715,80.37684766821268,56.46044493366884,4940.922082000659,31.333153153187254
558.2210188033089,61.44206658728021,141.1053920983261,7229.3688848581505,44.39742809413229
688.2404035850665,76.20136296645448,128.54957335489792,9881.46439286688,55.24136515321682
726.233634770362,58.631649341498246,58.730037301260936,1940.211536519979,21.190971309238712
784.3388692955305,48.10615642310199,100.90352285942312,8258.572381686465,27.951353153117388
773.1545343793058,70.13496101904619,93.9301935955078,6211.56481128683,40.15176373466357
533.2129125652115,49.785998517406924,71.8117803747441,3753.9897381153864,17.95334188936351
728.0112150823882,59.36786512740521,101.79278082406366,586.5125898153145,38.79088498274172
758.9094956711159,42.09185527971503,123.02660255579738,8539.520151863908,32.32972713678147
683.8209924866603,39.778501451780855,118.37047341278166,4327.081377517775,28.149792834418864
651.0373463037752,67.914410013302,94.89783838516504,9065.45008533246,34.29800371612975
705.5511402299846,80.23871648624782,123.31613582941672,2698.4258145215576,72.90227451621205
761.9736433201706,63.208755987596724,64.69924246920534,2660.8730374532884,25.91053389898681
741.0167677976481,78.45752341863349,84.94684274486139,3885.3558233521003,46.657926717056185
666.6667954557946,37.174983978060595,75.41597035939472,4215.255648784489,17.395254753885567
775.4105143090374,79.92145193747754,128.0847607049518,797.6234328973031,80.67662834943263
608.386322913601,66.00515024701735,58.69237265205125,7714.956304723883,20.775160445830497
599.6603977432085,65.43096860884982,82.62945578176326,5995.577992890283,30.2377678406745
761.3776788778972,81.83508391557811,79.6875723904515,3170.512658988408,48.424078841995275
674.9899220866857,45.893190186036826,75.36319580621351,3568.1442330220857,19.2346272845989
547.3106201090097,41.96089235509856,77.86593679431374,4830.35029044303,16.020134246432175
787.8548237414791,47.40446443691364,89.57749760978548,6677.489295397528,25.045966209728846
754.0615304531509,58.71000382936809,95.06511398469777,3005.1581244613035,33.84036203542286
726.0623387134968,50.003931988521565,138.13433224130648,6851.822900328546,37.63744035559664
694.765414269322,82.55930609458494,140.28655564754308,3026.778174011646,86.33138368377892
536.7165134680023,67.96945055243135,98.33753806442992,1562.205683235891,43.52012289551788
651.3677703823749,77.13972205369687,149.49601757550627,3250.567856573067,80.21893250641695
580.00046600762,61.955308851904796,82.73048293460494,1526.0848243154878,31.425868371255685
753.8604699852207,42.76781808859078,141.4260055146658,1483.9992142290891,38.05421618438312
547.807350126727,66.95625796417242,68.12376580816989,3752.2632016932334,27.414350325691426
563.040504478282,81.35086890879687,76.19887272696579,5065.649023792541,41.994076279177264
676.8047094736985,50.7438975569558,110.16185467702044,6391.852968266559,29.429533847054117
599.1173723596049,49.45272933517679,53.984621791870445,3981.7443227268413,13.89124877600189
633.8782744395562,83.08747209867029,104.90433420103324,2275.212630652894,66.55546908080136
508.6253849966941,45.156489299567184,85.0028343445815,5121.692290837204,17.952908416352564
762.3017544018126,65.18646934355439,81.43570172766331,1013.7630320656033,35.82387798451037
535.7576196087809,63.95664249959859,92.00970969062541,5798.408317846611,32.00479619917019
568.9952102521953,59.575191832592004,124.3460802333858,8688.33709582793,36.02929773512909
704.6217866527813,60.82425005951953,89.76864972128075,3346.885689087773,32.67127898506138
675.8709422080897,82.63631286017205,122.96872201395854,2429.62110691622,77.15879804443847
771.8412587700723,77.15770322954195,134.17246047988183,2530.69655276421,75.04883553735995
755.2393966239454,70.16140817461458,121.77368423129201,3198.6493479556852,56.55292435324472
686.4260413513704,66.74283914849465,138.54117287106715,9164.221701746135,49.23973270135054
751.6554668949595,35.98625609238216,109.52119812803622,7798.257870607492,29.9333704290662
776.1700159768554,44.21425310659534,124.19059751976759,3928.1849426872263,34.0236453174488
572.8940656517425,69.55728102466367,107.98066677940355,598.3974164582972,51.7334463854392
693.8350191846346,63.69143853566625,122.61814478491408,8012.272156738588,42.07156642536636
645.4998123657335,39.32997550946475,130.03332455740156,1165.5279556428843,29.95209960728966
759.5774184581818,39.41768363190065,125.48691097566288,6919.821747205246,33.19530026126183
605.1378765294336,73.42652547301861,96.84761041134342,8172.522729812447,40.372943599186804
574.9542809238488,60.27798530974933,110.95907971692691,3487.336731379951,37.92412241858988
653.7204796987007,79.93409128224911,72.65201052189067,4095.6861869489967,40.47597595831057
682.3292131865182,37.68473713998291,91.35680229769514,9802.252750036836,22.003030431924362
732.2816776088796,77.85874229355159,59.19056938646975,2650.6351353464206,33.31444545797067
572.8530040576429,73.94821270504183,76.97616975156737,4997.868529602812,35.71550549598419
794.6213890385512,67.86799866295138,117.99086832675471,1446.9624212650933,55.14094010337619
528.4470559134758,74.35593666261494,103.12616505582463,1216.9004526951255,54.432681412450066
711.7261484629562,84.44670962467177,124.6603978273313,5051.42333611878,74.96390280867688
773.085632495671,45.390211391585645,91.61734193427715,5092.306868172076,25.075678577468803
775.573066318577,67.56927307604218,79.49155394760685,8503.479746395258,30.254510093689365
671.6021292116338,72.2155853294416,120.82519066185404,2050.6307805116307,60.05985639246557
598.8998463433765,53.89286845081624,120.32268479456594,1692.5092139645747,36.67316894804005
772.5926556751658,76.42853170594414,129.32238908178738,2299.0315661703544,71.66968438693411
742.9949410161181,60.603496093088964,103.31497012275699,1974.036191674734,39.32569297473441
537.3983291571444,75.93087072629672,86.25358246928639,9700.426076263597,35.833665837966166
596.7816474069035,67.5671286686511,114.10000233968263,1541.1668595915828,50.54626606927475
590.750165543827,58.27631373634598,115.60157138176265,2407.268754813423,38.812992892652495
792.9678768521558,58.639387388150965,137.42997891300274,8328.052948323608,44.36883529720564
597.105843154829,82.89448842066903,137.6244144976905,5245.316135530957,78.38959862412561
635.4287719099252,52.479522671391756,92.76600608963463,9342.330193585678,23.549159952611234
634.2588455984653,45.051457881238775,127.22405547024046,2809.867719091751,31.198767300400725
640.1301230880802,48.247478426570936,144.79874117801728,9810.883654286521,34.134012666991175
582.1370265085598,48.697513044599006,139.64721525524948,8883.945593636796,31.77076117911956
704.6966621265227,47.23545359748336,67.29411299752837,2673.302941581918,18.288372484838135
789.9735881360602,71.53084741347783,104.35487258128421,5616.7664538190775,47.008171624748464
690.7819233874557,41.295744838406506,61.741195802220204,2781.165558750085,15.120222315363135
780.9579859245814,43.494074026847954,96.81094547506814,3588.4504704461206,26.554171893524295
708.0035421778048,54.3484000886648,69.23455494136199,5490.490245292696,20.661194202953492
595.4323960821254,83.744407494758,96.2547747525016,8934.393625500865,49.42926720197707
749.0023316364477,75.11534864958033,81.13584300683436,3611.457764726765,41.71067762777191
687.8771124736215,68.43007928915003,70.2279481763972,389.51445922243977,33.56797981051183
722.551590806024,55.16340880903678,76.76955200004971,5195.950317244463,23.652220099703925
742.463778438414,54.38143185953018,143.08786383107895,8941.779816177725,41.05752698364888
568.8691911719129,53.66416706996783,89.96514276061332,7965.563880313174,22.98245853578551
510.0225209301573,78.10252858488721,105.99752664632958,5975.7456591640575,52.16765818216205
600.8732562232748,46.6948242949245,61.99646576526897,6556.767583948768,14.348003258828125
560.0627735767249,84.66754477987357,91.9157778274402,8132.359541157456,49.23692462994405
540.1294479329599,64.30070363036518,80.08632244116228,1908.2929396981485,31.756989450572632
735.9678078603565,44.71189912329807,91.81877913663179,6144.258617679118,23.833830238087078
526.835943407579,63.03729230520819,129.10989828938438,5710.374531458436,43.8270780506392
799.7305294782088,48.325283749857434,110.91026310333903,8833.441211827823,31.146462524452055
503.61095520123604,46.61858486598905,77.60465715996598,1821.9740905677606,18.261993991664532
732.6296149590871,38.84467758643414,101.69364810967903,8515.0281051663,26.129093230009886
630.6114668976128,70.68647736660192,84.3302706491809,5134.03503111186,36.37179054279421
635.9765662261836,67.35854118033404,124.54537254004018,6545.485685190627,47.53264450958084
639.8480232596424,49.6166244522075,127.61431916868592,1184.2831801329767,35.9551816879817
714.2100827138504,69.17422069472062,63.902627636892326,1708.4252541995381,30.03708941028107
787.4683000309223,69.90504845356182,62.58709923141805,9252.672648851536,24.638115596575567
573.3801708600427,53.4715348359521,103.18083839166658,5488.565797922327,27.889710902297086
628.2006451252355,82.14797435019761,70.28428327017343,7624.080130717757,36.544796601002275
719.1763258943978,61.277330771104445,102.13262436548429,8412.92998377761,33.299978982181244
513.3464090554166,82.72167773460379,86.3781745645203,8410.360839445202,43.6420963629074
532.1730142244572,38.684718335148276,63.484351660489324,3744.7172187536935,12.282599918550824
540.7825103743231,71.11235507330721,94.14990329658681,9638.518940394364,34.94793944231125
686.6194153524186,55.87370347238074,78.26056277194354,8758.401368147086,22.257236523234788
770.7885987282359,57.467817134892556,100.78844630312193,9922.04016725712,30.55091715573167
588.6685984917409,69.53113312489153,82.14083190754738,6246.38590258247,32.95672448721653
715.9629808077856,65.42664712964583,123.65378070335046,5148.202340843678,48.045194248436204
754.7982183799004,70.13066320538152,134.29512250092424,6312.840513200154,56.941212296417085
707.902261666599,51.9002304100114,74.55100050963384,6166.485748227358,20.914407356173868
626.3613052852379,62.02011573011046,70.6453105717212,6432.61309327757,23.66118517911916
511.33171488559384,71.92374816486078,85.81740068132603,6382.380255463559,35.81417956740135
555.6343412286525,49.88285710484858,116.52790862141148,6732.758759655845,27.710501244416132
798.3949002324833,67.76137834067006,133.07764362886712,8607.076635336754,51.158965096733496
730.0538455071528,44.739890400811916,51.87099952991425,5291.940199510446,13.47030964081888
503.95426260784774,76.45602667000745,109.37251137681345,4050.103390871248,55.134934058197196
706.780961745293,38.76698108315136,52.09421568996417,292.8458264608869,12.905631293976601
694.09110685416,79.9140007924884,73.38266040373291,5506.916899611309,39.261982769153846
550.2957887592801,37.74163305220106,147.18802760651153,224.49830816817285,29.867089230087466
611.467854937391,72.45342174044194,83.17462867030912,9045.046166922228,33.04452179221537
761.7579720796541,61.293786511189836,128.91249852864382,9195.374264650716,42.2315710465282
718.4969363878945,68.06214899648043,59.44318372452769,1958.1961102714217,27.007451944360046
517.5881699453166,61.119418433733514,57.65520860117779,5219.655429795129,18.80488381820604
685.5331471526437,84.82164064476031,82.48060988331514,5322.7325530560165,49.402757300472224
605.7574967617,37.66802064646694,90.04297543923256,2946.528323079193,19.123316978166354
673.6637345446136,47.07235066966686,111.44551190108632,8876.283204082325,27.075926866713676
779.7871883885998,62.09314975919902,75.44308435791318,6652.1709493129965,26.821553524054732
702.2954568006093,61.046571187968425,63.04513346201705,9135.66442998158,19.94813977492873
636.8453980222156,44.60154015997851,133.59561343465543,2995.2756097784104,32.45825551733714
723.9043801621096,44.15788312650056,114.3743264102772,9820.715763687633,28.691697494211976
623.0856941966032,44.877417627537106,129.09279447582014,5921.33576603138,29.84786015528378
524.3342897135022,67.7380588911337,142.60990761273175,8287.500260132349,50.54098881582187
581.2227555463265,56.630605254036524,96.3475364991883,9258.235300597391,25.80504071746396
727.9455693396583,55.98772229736552,92.86574228287836,7456.328709037655,27.883176714286694
762.4578367281324,70.3636604768279,86.11366713802765,3052.5912702532,40.42380278277579
778.651554143074,61.0168296469955,80.3805041649837,8145.972135621181,27.02324676857915
514.9679465920462,36.53162655627291,94.89949849300314,6164.751499573369,17.0961236840069
754.2544295421897,57.433402320420086,91.1521319857707,9216.21728000923,27.654449143568723
598.4728241941543,73.83613479316118,144.49340322172054,6924.902730446676,63.15601984061235
586.552136605458,38.930320441819994,119.91938423896138,3601.304512591518,25.02794744271754
635.250355198276,72.85123610471157,102.43862762507896,2355.5473361242475,50.909181753176604
591.7485388887064,72.48235709815611,108.96542058212773,2814.2732848339238,52.50056358734499
507.3808145975937,43.87330037554345,65.07399261851064,7956.8215964447445,12.68510659499406
641.1444358494927,52.56620704954035,93.57850981239842,3151.89615893841,27.144923204208894
523.2010885133432,56.406615304002315,67.75826817376796,6299.048019071647,18.884603288142582
758.1367136025933,84.44541523485888,90.32726200053352,4171.10315555797,56.218661789130806
620.0136381560632,59.70232037338202,143.38149497841772,4925.76155388766,47.1060445762825
729.0968679775185,62.84943998904116,111.89956571578062,4213.945918883,42.14887667250643
529.7555320873405,61.68516545028474,102.19379365453582,9406.839765145729,30.089591228573862
643.9888056968285,43.65517211891866,137.41554667243616,4184.066738477117,32.54130400437333
668.6438667509728,79.44931079246416,116.80804096636726,344.89029524746087,72.97183484520816
654.7389282323021,48.50916651170939,90.0096146536533,4290.784675859963,23.47203866038713
589.3567159168261,71.69225685625918,129.49517306381455,1962.052057486754,62.8585873733803
766.1836013109854,41.22330444037327,143.21372109471758,3532.7733372255675,38.10991764080898
572.6557552203765,77.8694298774723,119.9288706079165,8038.385665228434,55.35740612642105
592.0615540898165,79.01599107364449,74.82868342805635,2640.1463630969156,42.50132532502386
557.2611360494135,65.14815160019785,59.385124831066435,7361.052756196642,20.458805276586798
615.3203027328188,69.96253885912233,60.934848237057935,6008.3180480639485,25.04763230777202
604.0094606735843,70.36717162136927,90.0796280952456,1992.53914588008,42.33952344911802
512.8306229765889,46.39451967255216,93.52817849577139,5348.483459054586,20.346601491534386
622.9480789708955,37.95206164874659,59.32240834349894,1177.5911179018572,13.078784860995956
648.6038978609683,83.04319520625339,127.17493128452037,897.1163031088281,84.55263586832766
583.2425982162401,54.01373974668421,126.43968079628306,1292.2419284001462,38.81652857956173
629.8209644951022,80.49910535695852,60.99854539807639,3276.0355235247894,35.265900806775555
676.2689714057412,64.70012136983688,128.95504126165474,4704.546408122659,49.23397008990222
780.256257829295,84.89011290300014,142.76077652018404,1896.1318245618886,96.88324769040761
709.7529558333543,79.7672714251469,133.3296213995584,8511.947362003973,64.85429442635653
641.261111578486,47.27284810453787,58.84622905990149,6725.785351726035,14.252919903189028
679.7871436575957,38.166477667270534,72.80152000411697,4807.499153078852,17.12300439675497
672.5806322376638,43.72438973301972,86.10646749231174,8914.017128283247,20.24169990451425
537.4001245343807,75.10269772086575,100.85487421064911,1746.2019572971888,53.3403417279941
754.8792956439123,61.82643969438888,114.5295050649428,3614.885553258026,43.18306963684969
579.1581290177228,45.097897940904645,70.51350978512424,7311.324392113272,15.34365927921103
715.2032745442783,83.19019452305821,96.61499294271243,7049.432754245091,53.0307967322113
701.2455343025822,42.429514497031754,110.7828536010118,9627.10429552295,26.88117676512815
715.3803235714117,45.32126600270327,51.216508423525966,1545.8402096292257,13.79506553956396
790.7491586448523,82.30027668669356,81.73697879118545,6297.464103306946,45.61639503240136
788.6299230505849,39.80101469317586,73.47351261736955,5492.481489920543,20.11439521516495
774.7989593284306,63.00054752485295,105.60794585742678,3991.757131711631,40.81299294190784
521.9071351697697,41.71487513916284,55.89811878305488,2355.7117295160015,11.587056152737938
543.8810515277145,68.65065588333714,58.179692159177996,5031.359645445129,23.478228509465055
665.4577634694929,58.336669804653575,87.08540120600571,4549.284436797255,28.46056104631145
710.5934821067035,60.2455024330015,58.19362253722841,8497.067764550755,18.45062851766071
544.7431146534166,61.44085649633334,146.16431424699323,1036.8486278630207,55.069147719281574
641.2085989681715,46.020377431969116,51.351534540021504,3928.2493212808654,12.683235450954722
722.6616931203355,74.8498652141528,116.44940978585919,3367.354441562558,59.66983698271778
652.3772956753899,36.03306071268033,123.83046219501608,7302.1902939555575,28.290063064365444
554.1037645726204,49.49608465417467,131.998773308648,7603.490120449539,30.52178086377082
727.0255011364205,67.8526075792626,129.30075347550414,3100.95595867502,56.612577819289065
664.2802771126237,66.72244524771848,130.4446907489753,4416.124094586532,52.592631452615244
623.0744604235016,55.26591354857366,65.60604533436562,1653.0363909423907,20.990279156803442
738.1266055490378,70.38014309635213,51.21238448003106,5371.7446855353755,22.33456589073168
600.7269590363051,76.8783855204666,98.72108594072004,792.0951870515136,56.72758332396935
596.7200166016121,62.02495870564873,77.83709457681041,9785.878974658996,23.542733117879123
613.3523228608246,49.16858147689469,139.4294591812607,9764.082945083468,32.487968447796945
611.5846404756127,41.27015186817478,105.19021609869091,6783.038388223387,22.69902701628256
700.2879169690987,43.67366740502121,79.14011765420634,3155.381150451212,20.082970175441723
686.2304065006366,50.97382398861444,118.23706254042627,1932.1618922218809,34.81396410011805
668.8028202181509,76.65808975064365,80.85430476034884,1823.760475799684,45.0448534362988
614.8199539258214,73.2299320970446,63.14049515284403,7829.479151606455,26.537032102784195
780.3780992882404,62.75402286519679,83.56463110448243,4180.584069878788,32.02394169041004
654.6569561911351,70.01120558187198,64.26465101503439,6044.5250422396875,26.670372681097056
545.7853671545402,83.9652527869284,70.78001975256558,5715.626824002995,40.42416394089614
516.6366626590748,48.81522439348062,135.00865611365145,6799.202601448218,30.339450820397406
746.6012718289873,69.77090072610449,95.02625260637717,7969.696992961609,38.075909994828656
536.1826205064175,70.2654954657197,85.25743882590882,1331.917814950113,40.394427859105605
607.1844444204902,67.94180059917983,124.49327908854809,2142.3888478204276,54.75416199888217
517.4177909622639,51.02525928573537,126.10608973996914,461.96149252107244,35.29067733001584
706.4033075790522,75.04017886949856,144.18790597645807,3722.3011103615645,73.18163210632713
500.16044987091504,79.7394373624276,84.20833827435658,1670.9441366231847,49.823523740137034
503.99910563682084,50.40900380501017,137.686563790869,2345.3500273470663,35.72017247168309
634.7108660142153,62.5215599179255,89.27817778158308,716.0104203776029,35.7940702127661
733.9115245739926,84.31939402326901,123.65539390309847,8498.993971403392,66.57655403414587
522.5277355459757,68.31707686343336,117.75077756411534,8225.546402248992,42.40874127721902
694.8167988839211,74.99366577250804,62.006820911663,895.0591866800761,34.338580556832945
744.9685196595306,78.43835072485118,93.21221002864114,9729.998298501649,42.788913927031196
528.7776576544233,73.36341912544984,101.23297886859795,7563.111782296233,42.28295307163891
560.2887579034807,55.32908106259187,115.18708885956093,3455.338225927784,34.24634439038418
564.8423565179512,72.14022408354975,132.14282023503796,7794.105351812937,53.57187691254964
547.6550125527665,57.29529520260628,135.42823403863883,1138.4184527691732,45.23640753512167
745.3920853493265,60.07259124134329,130.45556292249165,8606.956179115019,41.88284301403116
554.2321012690335,71.89961435142263,143.90691480679362,4722.055695952686,63.83131273660857
503.11721771531046,65.81100790308705,71.85244097514148,2012.046161604455,29.37843321342557
636.6895301839614,59.0001981086519,141.55780179210268,233.1395163630945,52.371847904481186
661.5891412992785,41.46080275452391,69.71749638752735,3228.6223282340043,16.48741283155224
781.795037918937,70.49465065918109,114.98852565051321,2189.2047890078325,55.7909801915675
663.1739201888523,44.927592686025854,136.581964381438,1136.943257421993,35.177022446568785
648.2328437963339,77.93940141765478,75.14199373301344,6330.0550928293505,37.17354891654795
680.4163651575274,39.07845253889006,50.24904326164372,8978.695996482,11.883545607905548
683.6863392554337,78.40913014714906,86.13547889513426,6617.885238599066,42.93637369729408
611.0253334377109,53.118366568767435,144.90766773870644,121.24852448242463,45.304696728266784
552.6274872728936,68.68462950552852,80.58355639923555,4855.253702294531,32.790613680464986
583.1211530654282,81.24022797993948,83.37910185644,9539.088419455851,39.647307690369345
528.3165831406985,79.27162360846778,109.98054332775212,6300.519560530979,55.17891024738576
688.0155768115158,39.2634393881274,135.01332975729196,4711.769601230975,32.18839876952044
798.0671444960556,57.75514268010471,149.18716879983862,3011.766307481114,52.99537150273995
742.1829023569479,37.95697350026228,139.92905756481454,2883.5874346800706,35.94029671809658
594.5008392519452,64.4127569624724,95.31651014785768,1880.871899348041,38.41502324208671
793.0938600816678,62.62084027364632,139.31840701048782,4739.421088734585,52.74640592489206
629.7654321512236,61.87158481144137,120.0553153749344,9655.103575858066,36.86161939409804
546.1537948233033,49.86543770665905,58.44098437059549,6097.112626978645,13.986899412389052
550.46766468316,36.53724820089968,90.53533438001507,7574.119966967213,17.251514971775226
631.1947005589309,57.65440393289881,55.880407770224,1950.8187463709091,18.962125002618556
739.0532348436352,45.519765553879736,115.76829418112136,2649.8866361629393,31.472391430192097
788.8389297423196,43.48014939714016,57.24192252111197,3043.2908714794403,15.884091732147455
504.16653093754184,52.07968784757224,102.22393552397224,8040.934539523185,24.040672504905395
688.7169199873192,72.5304918140686,135.70484455299464,8841.253779292614,55.4488488855412
611.5320054791915,71.30454643858768,113.71367896446864,2051.5628418873266,54.69795239503897
512.0980749409117,77.97015363410742,58.82742684436202,6078.167718953106,28.7701257991937
677.9121086184815,73.65013665833527,148.28484656001694,4007.6809351871425,71.81810344879688
656.2485768332656,50.931734371611185,81.08797843606251,6658.639002561131,21.30306332920752
566.5531491281287,67.80426343312075,75.78704219602321,9918.25519255633,25.932512514319622
688.5892712181547,65.76126806159404,64.23209670724435,2206.678083649577,27.162164815806857
647.6150633670268,70.7556899180477,133.78094995371322,5909.875928735149,56.65412354047207
544.1418415594651,48.7855958388745,92.64776285180649,3798.648036304769,22.6858666168993
570.6308488838828,66.72642560705782,69.1627315568444,2731.4663853232923,28.710162325332305
680.9606499048132,73.0219263438575,50.289584560566624,1976.7773842677827,25.59472366846481
568.9065220993715,55.74035247684394,70.59731457549397,862.297071155419,22.900816771728145
707.7413624907231,58.5415749282255,72.59448979951702,5821.581847234642,23.561452336965516
778.9299320130356,47.72047746609395,135.7377595927381,8484.547328638278,37.21748145256423
564.9628505733536,82.36629107258176,50.0093893108667,7299.9467091906845,26.18264809145306
530.0364618419279,79.75112761352021,74.93226087253073,1700.3753814050526,44.422195972296414
784.126182523388,76.96098860539372,107.56454252397633,2781.6587698445983,59.544870221502535
616.1344880832756,64.81015852694932,63.76701600017456,9143.100954849928,21.125812581202286
638.8095820112964,45.51785547142571,133.73964921213658,4535.939577613623,32.35608802555514
554.8267948819614,70.58145937158702,113.62250348202518,9501.530513550288,41.96399766663755
781.4874166905852,56.8633745388386,68.5509223557038,5220.48658326326,22.598576489409435
683.6579777888583,54.137529659802325,95.67733863443495,273.92760797674055,31.606025436498303
788.5379317044801,45.81005227456027,86.79926103553447,5796.516351398441,24.103549805846562
781.4643615294311,79.91538563453727,70.91389117787142,6434.652209652646,37.39346505736157
550.4016240722941,39.876020313520904,125.67055362094305,1922.4039875598341,25.968247887359464
798.8573792054435,47.939680094789615,54.45740637003455,7495.350556149134,15.371013062612063
780.8188768456216,78.83061251781311,107.33000839905087,5524.906342735807,56.84715927208713
650.0836988503463,74.82170156021579,65.31745384320057,2169.244076737297,34.34356246775079
563.4772163705461,56.558174047376326,52.58923908769212,5673.464469004819,15.245514684818147
590.6119654297485,54.70953021041335,142.2368798652672,9446.79233202573,36.52358597240529
531.7291440375001,35.85640648962739,96.78270461494712,9919.42999631636,17.832004524999096
509.0996641090719,63.30345973329072,52.04647248277722,5357.105401955314,17.896277572494743
568.9149704972857,70.01166584462808,59.771069987253185,394.39332573666496,29.155049754082114
637.9087874005653,57.21596614414308,54.77063159739103,4600.040474266541,17.17897027260062
560.7433256757091,81.70384464492722,117.58587104610069,125.58224120071127,77.2388919577233
711.5347697609251,71.7264663906681,70.55192521729616,1794.5818632825683,35.18373597477828
518.6166231148695,35.721429018934714,145.72554688407658,4056.7797106063886,26.538384784146434
778.191084088958,53.25957701208123,99.46792135272742,9816.821893049399,28.526269998104183
533.5600662922848,53.70469546762044,78.8398106157697,5135.2921191717605,21.17600482300201
609.9099764828236,59.464191004352564,109.33432933787782,5465.23775472072,35.04512090435984
586.0752157296145,58.95031130617218,120.84501868214461,2216.563214998769,41.48795289935795
641.7343211899372,75.70247916642356,55.33939299794783,6128.700715639593,26.135846489579322
611.8294130152027,52.64080727045072,115.9446346402402,9400.671270536262,28.958688014120348
685.2108176527391,43.901243579124724,134.05484113225083,2370.5187310195497,33.94372100228162
724.1478483555276,64.65587517489031,91.55196751298888,7987.512081806562,32.51031038690199
791.6739154921015,62.8585865135821,66.0923690887738,7501.128610095316,23.53333745137094
743.9308848028368,64.05717740637051,145.18859668445862,7133.763161252034,52.410264964446355
504.42057003047364,43.65656730734406,93.51715799745315,7097.023690353956,18.34080297968057
687.385199081309,76.01529403952011,72.3681604722515,7234.216919638604,33.552878085238234
546.513292475121,78.39370068487732,145.18325537217396,1100.5591283644078,85.16145731091694
556.889299761423,74.45788038506836,96.67595837832846,3156.1445264791687,48.12867963582659
627.9099388262337,84.7592577344025,143.73577148901273,3195.3118199765117,91.72751226688695
739.7665351752355,68.21333188435487,55.41426538166942,4456.51450188321,23.60586750514017
698.9711990117826,53.8260664427479,79.8904397954913,7889.844341676836,22.39233028444309
698.5631741730128,51.93504087631606,116.58460778443039,967.3762107358164,36.115193764430636
723.0292017653273,55.28096138756648,68.53586637360189,2689.2388260612497,22.378010155580284
718.0796396971964,70.09055961557601,74.81405473882077,7116.453353577933,30.657418261041304
708.5983284751885,56.2701121413274,110.09812835087806,382.20435515861516,38.71173418880444
653.1857101269528,81.46170981255582,51.45180946386068,1936.792777818611,31.88029607862201
725.9495792645736,71.47662946572999,143.62196414570417,6729.7054956537895,61.54563706924208
667.637113553844,68.62666923561659,72.28420738402521,833.4569969175432,34.11319448143491
693.4819421994314,83.5368828694469,74.921706852606,824.2096503876495,50.70184618665981
686.5633095754346,61.99624559994619,100.21694668043273,8881.197351473951,32.305102824616796
721.8683725379094,43.087558519042375,90.84663180389921,8261.43222169638,22.738932651300797
512.315669311896,84.11275233658796,51.176497272065546,8088.914646941218,26.966261545496117
716.7847005733538,83.55701379274831,88.9424391809377,8404.393242802285,47.13585414479112
540.8117746439925,62.098375333354255,62.407126777197895,3354.7688022475795,22.273882305274427
634.0078836128865,77.82541328702064,98.94076528850638,4713.152332702033,51.31506664024618
510.2979522236546,44.532793183040674,129.5768938887157,3327.032708877459,27.9772904257939
699.4867408926801,81.66317786452242,64.79957700190845,7540.7602134263,33.796619108724926
718.2565283809852,54.02374646127268,134.40020601598815,5387.484618099906,40.1725893051032
586.759031227409,78.5970660560132,146.31790773755876,4731.469888184937,76.71131220275407
508.76721028800813,80.02545166433119,117.12813024985911,579.007195587874,72.49625854003553
759.8502090954075,41.876652605667445,95.11614701797534,387.3502828462982,25.73034940608529
528.147012825505,68.84649741311708,75.85861783426849,6373.557427263499,29.385565734332065
594.6725971845316,79.75815074535709,84.70028465537442,69.47306156047884,53.40244037769301
762.3803191026623,81.83212931947821,81.173255802757,7130.383717283816,43.49654189753294
533.2798716868068,50.89891172462083,81.42485133423051,1849.1431816916338,22.0355570402063
654.9658943452656,41.830448664233785,123.60050101218351,5238.749563903943,28.64383084233609
601.6931045981626,47.29534140203245,99.48236135769336,1244.5042146288977,25.77988108876645
521.9211910376976,67.18310994664085,132.8752350196483,6168.177987429405,49.55600746827991
775.2217813546739,53.62667007378951,129.11672762276427,6545.54414071221,38.94259473426101
760.7495802316708,43.589417099084216,118.77376120529544,5442.800338141541,31.55969994227302
541.6982674646754,74.26619370100319,138.7143972391279,7735.361454314652,59.042394530701436
632.7822627705019,59.29621838100127,55.96328536449402,1123.6777469820393,20.31941713853845
521.2900586477408,45.91933544499862,61.993896639649925,7688.802066143071,12.84809212640717
531.708884023318,55.83029868891127,88.9706781067886,3476.841559284374,26.489670895495628
630.0105748230977,35.50230755105853,110.55735517824621,931.9923584499123,24.1714328397781
620.178753630064,67.0520485233836,125.40408271776795,1636.138759902559,54.904802857589154
651.1155434471949,52.62718496367722,71.94007895277936,6960.514355463556,19.378777809464463
559.2052719600247,47.703554394445625,70.82316482859986,4973.053283076509,16.6333237053453
730.548412953992,54.11539130236284,67.32104150194891,9013.486314410946,19.039354380022633
628.0412329332123,44.80816973613605,83.40058048137935,5041.156200850482,19.585132240932943
772.8147504456342,71.28023262245762,59.373950304639166,5497.631170453395,26.569366983981343
689.6454978182637,63.266030167181206,105.119830058487,9153.585062601567,34.654740363530536
576.1114418866138,40.66683250833914,89.0565833201151,8163.765795930139,18.037998619263696
796.6608390578626,73.09884453627707,76.80840928602129,3497.3449493710273,38.1905603737451
557.8129180891073,48.08111636825285,71.58237385220744,3684.777996251469,17.41779251072931
670.4421658327672,37.20799192622212,83.8152157108942,7088.712949191188,19.562518912321735
622.7764392039594,50.08122579914149,132.948414869607,3214.9194479572143,35.86008529869795
651.539709553286,45.36904630616658,115.23557788559971,3915.609180042967,28.38845503556107
778.9864642310833,50.83180923085814,101.9674778289932,3720.9360672931034,30.755354353807892
501.7239262398862,73.7606309305477,70.11957589729784,7740.958867904084,29.25736764091392
606.0109919137232,36.543985672372806,53.408209113653385,1390.8231593575192,11.338142660201887
797.8835425662567,66.16788226234053,132.07156710127788,2418.9112374502274,57.7232531207576
796.878459829368,47.457836552957986,129.7426662654845,4650.161846360405,37.285358165941744
689.7204050681374,60.81449275015838,114.82148566415616,2859.956122941163,42.10591896549259
530.4910309429553,50.700321438457294,122.91453575743449,1298.7341569882037,33.51005506345403
579.672808508704,84.72001941508671,104.008718986606,9331.345999406305,53.73406263398202
758.1422087439012,76.59053803316294,91.30968889982145,9381.756087725891,40.854286508329494
730.5937571224727,68.60250971278012,57.94523820794687,6530.693909044517,23.42412342435992
531.2925999108647,64.57909535986633,85.70559382373386,1568.2040832531009,34.553445172251465
752.719828772908,78.02829775472733,139.35278571550774,6276.03880397487,70.49840415892392
759.3734924460979,41.95639125623342,81.12570539548254,8912.756182725168,21.353944774719565
619.541977286487,36.243491306151775,76.01524747277992,9282.68157484141,16.51241792862466
639.6140143189549,66.72710741064776,115.85871634070357,5909.617785427827,44.407184809800135
531.5963560216463,42.15758872165134,111.2085079820173,5621.088908284102,22.312276830714122
748.1296805905874,79.64852896324254,75.86307371059641,9324.50195765316,36.18663954091288
785.2933439633211,64.05819508616673,114.826082817959,4401.178190821511,45.14429495379745
662.1913406932417,74.00113188311353,140.33877077025923,923.8027648040526,75.44636914235639
666.1648692301429,67.21749709740165,83.80617941491772,3652.332670003112,35.00654068978019
539.1224599768556,43.964001461078304,108.76393156144985,9808.255602787513,21.491375686274775
650.1328192826663,74.50163969904251,143.8034270789946,381.9217396841357,79.52437916406585
727.5701687679828,55.9359370217291,121.9231378057285,2943.716774587566,40.271498601336404
625.1689646483836,40.40596440972763,79.89257119172012,591.7843245969124,18.390106967860547
763.8727108271491,43.06623092276469,77.9067326308649,7244.134376316488,20.61062075197129
621.8305010848119,69.05490926225417,107.33087405888662,5483.490310785176,43.91313555299483
701.4263460526493,53.269320256034376,96.93594882844324,5030.006933810734,28.42862294973221
509.07966233271975,66.66475617500201,95.30938122353851,7982.527674326263,33.03611436453984
617.2667568243376,80.66769839163115,125.85339510609523,5438.579970359599,67.89454760637604
518.9895041435219,51.37790685298202,108.47489781275209,4314.614045119867,27.7063363240655
631.7245568245122,65.2683847209943,57.07110716598311,4231.258475343397,22.114365299970345
697.4451854035319,83.73494546535338,74.51342674447501,6703.840131949077,41.736853661028704
706.2418332375257,49.84182541424433,96.9535715170646,8168.620472078728,25.445362111214756
621.2730500110238,81.18028942961624,116.38258636867593,8689.320507337306,57.16034347121273
546.6046890172229,65.7521700888128,121.15208844925147,5060.062573923057,45.32714097951129
743.6264935747388,78.23876401370423,93.38513569594897,1250.6304565287896,55.55241526208886
737.9771987584197,64.8087026831363,103.36337862680867,3848.159469620809,41.3120691244037
655.9238507888028,83.15803405927241,63.242953979669515,1115.4624436289696,41.875451340682076
721.9064762838408,48.04552528702687,78.43390348584055,2257.4015359887044,22.082282456646514
681.7902622964648,77.45160609188602,92.31932044523089,3644.6072166435583,49.48690200504338
565.3919890245751,64.9594532403385,50.40043955825152,7656.555809030889,17.174280223293536
504.2473266115598,64.19996546100049,96.97024949341112,4623.381324259532,34.91015311007359
717.9076815172245,55.844367082959124,138.15525472335148,6745.408391125043,41.69643289884083
580.2511798385881,66.53882567299578,126.38253951066616,2867.4758606842934,52.08911357952283
694.2519189598438,37.89287437852752,58.88541765027604,9457.71241960404,14.413179624401362
522.2220237084335,37.091683754282066,63.32843413962976,6931.150504210905,11.551128929225232
502.494599207288,65.18389734316602,78.03829804877273,1558.264065366295,31.82095192239864
763.3423892529221,61.07254136569738,109.85078289627458,2675.9254664287723,41.82250207208528
569.2106591306408,80.26253963728595,103.53129472345967,5166.710059088545,55.494367704760755
659.5716052832431,41.18113186009682,85.64251422696256,4538.217720347544,19.933398961174962
555.4424408088394,40.04027454839725,75.31230873579369,2396.921421088205,15.598181239237787
512.2891748520967,71.5044076248059,135.3812642696251,4201.135421552763,60.03957648332356
765.9305323201525,59.32104950149892,110.560305840669,859.6457521203005,42.343565304138856
663.3282064829144,39.8530340853454,101.04838900732659,8662.48035803278,23.195138540041363
652.4709335118769,58.01818198998549,70.49025443112976,7555.906410242641,21.107890947737353
541.7937611047528,78.8378537411901,103.86072565608072,1138.5470161780597,61.47093967065118
657.9549451684363,84.41562752053254,136.70309734375982,669.1519586588612,94.54313113275494
599.9458070648136,76.57800796926976,138.36457314040402,8502.38296283483,61.37398948191069
741.1646323196404,44.982668293677634,78.34084481243897,264.92894897495955,21.82312223684389
710.4168919119708,62.95164130115788,119.09907697662041,76.8138260146134,50.19624170327199
775.7226491924991,83.4639076918419,61.42016997306186,987.2965982183424,41.61270009813846
550.544842255724,46.60916122497795,108.76545360530275,2217.3592553704193,26.177182099727986
782.6678804421595,84.03000548113715,92.50678813213202,1811.051827646658,61.8071359370537
592.7130331375633,82.97487557005505,69.63362084375024,5787.967722086738,39.000994162358005
735.9994656928891,62.068693549638894,139.96777670289526,4539.673796451071,51.45414797150561
715.0357741759976,50.97909860591918,85.99698072752577,5837.754626202612,23.977941643229595
727.9564589926327,63.61512921727258,73.48132670429591,9829.136517206978,24.440063887573206
762.1736264478914,40.92702641037561,101.6110187641045,5602.794024069371,26.794954500791217
606.8306255611029,40.227294668159885,104.48933211309044,4752.84517577915,22.5113114662807
517.6902775161024,73.45193249677317,141.85148871348744,8365.79556117726,57.73677637377265
621.0240787816759,37.1136715267737,115.04681630268624,8052.040119003931,24.787799623707677
576.4140768214202,82.34149795299334,76.4866101173458,4088.81314791272,44.62538058504887
521.5614623494148,84.0002380913804,77.73578593103755,994.6323283427649,52.11190983940409
607.3006736611671,83.23291011431633,79.93782348260306,9218.40992330513,40.2876463372455
747.694556958226,46.149699587571334,81.16075386939215,5403.676625282074,21.769754318189086
580.7098126979203,61.97909420781238,132.134229355201,1835.9945066023843,49.76345553101217
615.7951455826504,35.16647968167624,124.65223490740486,9200.719495732421,27.17337221337226
756.3249222767703,82.29569171484788,104.63704437626535,1848.3522231094273,67.01717866392312
591.5557683558221,56.05704123972937,142.91268883853297,8085.729833034217,39.06208119362669
569.3761831518815,52.785954248828006,122.56034058954782,4094.5621852184045,33.60959094165604
628.9378128669033,59.327969569096,107.4406788278647,4811.249205089516,35.19808742750848
722.332534135163,52.05516003886733,142.37926821781923,9077.795545361425,38.68111690719095
594.6638094659579,59.65989238522839,131.40756169608153,2555.9412345547116,45.67256670391834
786.3947090175793,65.3811911612749,82.82647930877059,5642.667525657313,32.490954895555824
737.5831603693769,57.10557294670775,55.34194153329348,2122.3237044184752,19.24779585802013
686.8796381663606,66.1620200879857,131.12211693866732,1171.9036214024702,57.75026130949265
707.354432703813,68.05781096885384,136.0621568264076,7329.891044566359,52.74684089933227
513.2102471553588,48.05826387426261,133.02495232217385,3586.397529641425,31.450273011849447
678.0100084505541,60.8271232653246,86.73839154827805,5522.552692507433,29.51036239868531
722.1158811667273,59.97895081153001,60.7912817284338,526.4666726145296,23.520018708545525
758.1781892463953,73.34596655843629,77.5158665297113,34.797380028654956,42.81720923735224
504.54973655785835,52.06254840783646,76.26675337025796,8001.514874562668,17.949729981182138
650.695630446132,39.77097602146821,56.98020617084262,8779.66510568684,12.828423917814302
537.6859524653296,74.62222454602865,88.6259165900963,5604.608122937288,40.75148186086709
573.3554191176693,68.97598405344749,55.96539850518643,5869.9696380165515,22.325592148810397
703.0750137594448,36.87797942471868,111.219737809766,975.4307477204227,27.078877355918262
585.9422864206666,46.714650316963876,141.43015807795206,8784.45713201896,31.208608728924094
644.3344239461671,49.850005479548685,90.36903299747009,7079.588915060847,22.862927327403863
648.2906194173324,43.55763677140604,100.93418152535963,2014.3016680673609,24.65918789521886
508.55038689099234,45.10252609462897,146.81834953275853,8676.072718350437,29.035301673558255
768.6474256388817,43.64556608036755,92.7746683913919,8508.534715079266,24.6774156485224
532.23627132865,47.10622178231342,92.55797681200947,906.8434766615296,22.99325253306998
603.4629072640436,43.24119573451588,126.79701638863064,9668.682900598591,27.01530029682011
509.8371630251931,68.93898493549,119.8124053209979,7914.991833076639,44.12605867789952
694.8171787947413,83.6422174749392,51.81927832022658,3036.3397182503304,32.65508014542125
655.2655217385702,52.01721341009855,141.6986106686792,4861.002079078348,39.414238845452786
688.8264570005076,73.31842815804004,143.91173866575087,3871.784884053827,69.58940447820702
622.1152531898706,73.6279097072451,115.03448783792504,3112.7094851494876,56.743991283982034
608.4994385264214,41.45306756213793,145.29245843919176,2084.380985616815,32.8371340149187
512.7969976102398,36.61060259890418,50.056368064279155,4982.527250369626,9.058932678962213
621.8671855812573,51.6238856298787,109.7887096102057,5365.715670469284,29.306717024283746
776.9821403770325,45.192667194066225,109.02888653278448,9006.885245979349,29.364350567395416
720.5616094752681,75.01601503098883,77.1925159213888,1663.301071940514,41.88997347747758
722.5078740869199,74.29760476504414,129.29923010516177,1363.8293132690683,69.66039089119856
507.4635481514088,78.62128521629434,113.14777271174017,5602.54408459821,57.07253416179342
625.9729922185074,78.3773084539068,108.2153876685127,2800.801881320696,60.46747261316703
787.5180643441386,55.13761556998745,138.76257197785537,7886.142059609581,42.35694278413356
772.1927463981574,74.49657216888812,74.88314755485669,8474.337232761776,33.01348445286904
635.8847214239297,77.4259722813598,139.35284024363523,8110.610826267537,64.25119210754622
702.0799755309167,57.97678883832609,60.44398785473191,620.2649774268821,22.008992798452862
789.9786077075914,65.27944644375033,86.16428913158983,9329.458800199021,30.854752390427187
593.3975412312664,41.01287152674138,63.36231036765126,2884.134841015981,13.842787518037037
615.844352399167,69.79111473468049,68.90402307994992,5148.449937746475,28.964589707354396
643.0292859306317,70.26396563765958,120.09461950256777,1193.8338672171055,58.148312121291525
694.2200202911589,50.80401312269146,87.7926462372736,9458.28305067831,22.725580376242434
539.4235001415302,42.62099810282735,128.28454798242814,8389.86848692313,25.26618176994988
543.2879143310128,35.41755082304269,99.17172207672115,6620.313838761353,18.643865865185393
582.25444056706,80.92784324909246,65.63460387676926,2621.1518012686465,38.970744168923005
598.0843380505265,63.751305233655614,99.241337712968,8180.611811838453,32.69563536223618
779.0406982370444,57.46503230560516,60.15871848528326,7845.380317791107,19.026578387343374
775.7706896683251,71.77062606261637,108.98524262135405,2746.983202494141,53.51403183472936
763.6352018238472,57.60395097083742,53.329128101145095,5621.52819222627,17.529418430383664
667.9230072020523,81.25857634128533,140.99352340992945,4621.182716439593,79.71146948834993
562.1369502490411,57.474327559477274,129.15680246798746,7643.604218728758,36.37862289462444
736.1684305133601,54.13583807487856,109.54743736591837,7383.574782272863,31.983565119992672
746.272787547418,78.22614291177517,127.15988302357424,6657.182090971964,63.77900110847474
630.4511026370121,83.46900253415114,78.19468224844334,7959.281505853492,41.413557519138024
650.4772407180714,57.03620375681437,96.7070166344746,6676.943653024775,28.878178945176234
778.9486242802091,50.935653360930324,57.71083238078623,7935.961620679289,16.44134938545758
698.3123733373491,62.553269800387035,69.1524932266375,7839.826538042584,23.276105298297367
530.8536122737694,66.59396760367454,124.52355268146616,3700.1843614689424,49.53406507406535
546.1049799239278,83.69991373997772,93.17239813729445,9747.6555756791,46.214397920770736
569.9064148455717,50.73940514186043,106.28914949774907,9386.456669292733,24.700747182861484
768.4089975203867,79.87923687120488,120.2202318766653,5953.645788264032,64.1449513733145
598.117057687935,81.60799200118112,94.58597296107912,2504.0805187782144,57.36924915709068
604.0239654630458,43.562405530630144,145.4796594533426,9652.969853491364,31.117100709693723
655.4722999147364,80.6034796721532,97.53298572942441,5762.131670269836,52.26138207114512
662.4257645023022,44.48582861029664,61.65875911893943,9529.774087690774,14.337224597601267
540.8838551144129,65.5670300544887,101.86411598110574,7090.694106530033,35.58679239487086
678.6222958856214,82.28640390978629,72.27469121527551,4931.28207167929,41.444561117666986
614.8547877113742,79.35124240400958,89.06961885095001,4073.6197788306085,48.749489254517734
630.0393047123457,63.87671074533349,50.17068274868765,7240.520294404067,17.21871428199139
613.2655037065882,81.58329637550456,93.00060868753795,1291.1352603820258,58.817557734427666
564.3784307081945,43.889458798473825,55.7233805391905,1955.2514957344104,12.731377935568386
519.3139783145849,47.81126918534162,51.001730967402224,6128.794747533414,11.365140113489053
702.0406367101268,35.15902101059461,89.86396003567283,1836.7595787731273,21.901456735421508
501.4444862575157,72.08634635595436,114.40984971981808,7131.693861655121,46.703701647084856
735.7003414519083,36.15579188341287,141.20103901277798,4559.719014738351,36.46745110459199
742.2318510027568,52.601718381064,145.47929349576586,7622.301892420514,41.38631179324061
799.399567386287,66.33751090607099,135.08125219583647,1223.5532742230791,61.32788463019049
597.914825689408,72.3565938846809,100.90897486920964,5713.068987045295,44.21661389115348
504.3375831458093,82.23124862082685,114.02172253311583,7527.841401280173,58.622793783824314
609.8090674508514,81.47147679921929,117.44529118323429,6766.8138488315,61.70152573324876
785.9694642632528,48.99007352810453,74.8791970893622,1692.2994606070063,22.686410354475193
732.5356494622164,80.60469073534101,112.4875624211681,8380.827119445423,56.18087842618805
704.3588271481728,65.30523955328566,119.1443971630892,1966.3966746608442,50.36716523610887
568.8243554245058,42.20703956944838,66.18791846817089,2891.5467129458593,14.401842489216126
752.234331977181,59.94610347891266,138.3758023090517,1644.3015904027282,52.4605268201705
700.1704395107467,50.792454304675736,109.85899064024687,8707.498602399968,28.877710742464554
737.3431346107504,62.27402088870199,81.02893856444341,7504.405227732243,27.806726614041807
775.1113600790566,59.59942022854189,109.84958792568372,8392.805169320955,35.682243270477215
570.3232911499675,52.118080750394185,117.54800411305982,7304.405689581646,29.41021892032937
512.8968107359552,36.39414942568837,57.53297598380633,5584.644262034808,10.350802410314675
673.5586019769529,83.52790791819538,130.07297875469686,6182.281304363711,73.53223520901219
528.5105572071253,42.32323741239059,80.44562713103075,1733.6983462430221,17.220023578686774
795.0575403292107,46.460826779024885,99.1259975161831,4800.750036196822,28.085624237346646
674.2494363740007,42.503837840127034,100.2122181855255,2994.7174370145613,24.408619304826022
537.9104329247465,78.29344206041168,114.08346802692634,4198.811190946228,60.07371804109371
579.4217527232022,52.76576581261999,122.55313074380409,5171.898765947367,32.90171277716906
779.3268200941314,39.44405043383435,78.30714043594102,4164.813499705191,21.131352995329216
538.8098208612621,74.89930766293294,84.09863630662005,9404.576580067986,34.42986629300465
534.2910485864353,46.84279989043104,97.44315480619056,5267.69168991047,21.84819994286474
564.9581785393162,73.57553505098079,78.99938581567746,2881.0756454693533,38.87093722990843
543.3302105607208,43.53290735847789,131.60192329202442,540.1765731437324,30.11193046831057
773.8649399183134,51.32832944652678,61.72512862428429,686.915576606163,19.786399321273684
758.4308078185366,53.41832884087769,117.9355533637285,3767.450513096471,36.83922167572198
749.7874962592659,74.06164302155315,64.4850198840553,4367.269467323657,31.620845129677154
503.8471363690899,37.0618409874796,147.3026351724776,2385.490831069792,27.13348762447156
552.8051047906904,68.43820760186581,72.0289902041924,6358.217896241251,27.78415379906923
750.7357852942241,35.36122660703328,87.48693782946704,5276.962866535575,23.504200232081494
629.2489555933877,77.55103596662082,61.07296062955811,4371.600783833547,31.802254721798963
716.3858460607181,68.45278758727842,96.34867424677353,1559.188868347775,44.713007829460125
673.4645656829132,84.95061714437088,143.34186371718556,8645.332876981665,77.12401496897758
778.4151669995742,48.45275302443265,63.99395601447267,7857.0687131503055,17.733146760738673
548.2201557930889,61.73746926812042,91.28791780412672,4598.632523401555,31.142126327750923
621.841587245972,50.85294892845013,89.39282818897894,6877.920644806334,22.754404500926913
796.9193197623988,54.31326081514726,103.05025589959854,9095.11785155968,30.721107913359972
682.8977938978386,80.02872204408911,82.454658468431,3074.790008575129,47.782350021047264
667.0057489680102,59.77607427393859,92.51472432565245,5224.22011185843,30.790763394827085
767.6608174951032,60.97120765946838,95.80109186005096,7582.243966367836,32.39584092489856
674.5070017611812,72.42493298109983,58.46814023862351,8457.770804208152,24.011210274836863
783.5717521922618,54.76443294794115,115.06193263293176,1326.4610337799065,39.44962161137983
594.100603392141,80.10312462096232,118.34821284677481,5357.9201829650965,63.001447333641124
660.6467560795812,58.70761895936408,69.48653504990831,8807.255852157063,20.613478889038724
789.6523363082649,74.12779254799564,144.0253039408908,2578.443509308297,75.27832024110471
537.7877987186025,43.46700749867281,116.57398371043428,2973.2120613168354,25.280097640278516
791.1204949760714,68.62119576521832,76.25302512327076,7114.469466155713,30.936969935091682
631.8868934113307,48.192929307480426,60.977476236317585,9475.893627917676,14.303419365153168
677.2591879501612,57.66800838803708,118.68530761342406,6181.066391537008,36.88750983768786
792.2719073084168,55.326594381138506,100.26497319839658,7317.563151284723,31.091808142055548
644.6969198890336,46.100234230401675,137.10289875270587,7405.280079954856,32.4200614200832
692.9763573481346,71.09565444076705,141.31297645506442,5643.671034921192,61.47095085589904
649.0897150887447,61.90309080734427,147.12728361643082,8797.67257531231,46.61052179017515
693.0253901188601,83.42664408813208,107.74308666291012,1923.4747172366683,70.10603476563551
572.8754670602443,46.226256412743325,86.8370112605799,6892.211079214451,19.293447433150106
597.8666967610154,40.12982318374731,111.22175678745413,808.1824265140447,24.684293327349632
508.2313302956691,59.640037420588314,64.94847749298276,8779.154159615757,18.296857950215866
553.8888941668838,69.639602454743,130.05079021253584,3140.5594977377214,57.310570957364895
512.2412540698334,39.29226248409555,72.68356093930454,4725.224142082651,13.685754798276067
774.4827437086705,57.438668116599146,61.16118667565473,6752.054627438318,19.693601234895063
730.912781319451,76.6251470872896,57.15403054953515,963.6097062546534,32.99536675089852
768.9554608034862,35.69106511927626,109.51326193750256,5988.691468267523,30.388457848885967
508.9303252909481,62.90684599679157,109.50208540004544,1828.8897951422277,41.588359075058
643.5071199637562,74.54995173276636,83.0329941046058,8787.729742646481,35.16765133119188
671.5666650999224,70.41368499277897,92.0597969918859,961.9887660555903,45.29868989132605
528.7205528960651,55.56190222257349,144.4189155893999,6565.729243863092,39.172006885478325
724.0001644993354,79.394133652041,109.57563923367556,8954.101378758396,52.30736331689298
640.3271343706075,60.14824850194907,97.43979148243406,1531.3108156198318,35.8597510177966
554.9646903923774,40.74171636626298,84.00781196381203,8313.546229060501,16.505249020242818
534.6364211998587,70.45778823806582,113.56646036457803,6821.55735022038,45.24683493732576
744.5705381345058,45.985917850194696,115.51640074231054,9994.555505391912,29.916665318655266
640.458649174957,76.8950160647129,96.90013948014058,9969.291660427762,41.703808586612176
549.7163405771464,46.66152379728087,120.61612241088228,8315.368734945789,25.820478912745983
682.6662941601212,70.77689201806615,91.64350535640196,3842.1370024033563,41.68507012128454
519.4941273053573,82.18717972769605,115.86316076621088,5514.5374262121595,63.80935607494871
682.7679948634022,40.20466183823237,67.04704465130015,334.336686077501,16.408591805147555
660.0208469037179,38.768431647747306,129.30549302973805,1970.0498352743111,29.955583126366466
731.8743623517378,70.15395633475558,148.40176402672168,1366.4651583143361,72.46021118269236
794.4140367934942,42.37615538298324,54.75433221541086,808.7911172283291,15.364618367699213
723.823459453844,42.139236643057416,72.31598610606406,342.6426910305303,18.94711610118757
533.0186553191709,37.62499038149699,138.31720136220304,787.813924969405,27.238059927555653
694.0643817752668,56.227960290418906,108.52493852976137,9531.797883707763,30.765584583408952
682.1866879251394,77.15762603024693,64.75374380552591,9169.774842395045,28.992521763064428
630.7049103459454,43.94347905552458,133.38098834555484,1161.7730309317642,32.74550638112558
705.9712576910773,37.7025941175416,81.23725392961465,4252.601555122352,19.85457204921838
799.898858105279,80.76136013482486,142.47419031811356,4027.1869093976766,82.72921037776214
782.8333682666139,76.34000047622823,135.20973249451265,7152.333308079151,64.61269826580092
749.9589941204503,79.72902177651959,88.30910315846553,48.32815093646747,56.579030722917096
792.596450380089,53.20746386215325,74.92413185364963,241.9260385128341,25.51470845604853
663.5642113603533,36.26312860595283,92.5104605204801,2610.7662292184373,21.239410164764926
768.7492159916768,74.92133676227911,116.99914981523602,3630.677514487597,60.06433572283225
679.4578719636881,36.060315398170495,120.11542934344152,6656.497863760846,28.65482919812549
584.0346336153958,82.29148113622367,130.99068464030623,9347.775257265568,64.166509472896
511.12845921156327,57.966343636726435,90.62698676893618,892.545961689396,30.754267081428768
517.4549714215412,83.04327347938631,98.59431641969107,8110.700655255352,50.7109072021291
509.8500231008419,67.39380503107319,55.86845041402829,5378.346125678739,21.421791904493467
524.0630773526439,43.748633880397,100.27245146030481,1495.06107679537,22.27959481744152
596.9236889366535,49.36600414182853,79.5473101541215,4588.158297019552,20.137927072814186
745.5579723574239,62.97020094439121,139.21898538227578,588.6076581871836,58.40679764991519
527.6538576287711,53.06948597079926,115.38017975273273,8731.00775874716,27.79239965881731
532.0105391028485,43.29197100557262,107.51004459053482,3829.720821844139,22.741526307935217
581.0600972407169,36.34312390110595,111.27994491666416,9589.893587068895,22.494746738062997
630.4723063078574,48.60545536531379,91.77166109916759,9039.868145285838,21.7635924227282
549.0842012043533,84.23711982185569,79.17834784418278,5212.329527804997,46.295533570486434
699.6734427956222,73.39905558806294,79.04740342365236,3424.049861306496,38.914721617039255
507.37678581667853,39.42053070745989,70.84401859352816,9561.86276370195,12.671431603592284
599.5037529288231,62.166102086138864,119.64950934530935,9675.309379683898,36.4609556737894
659.7198961001768,52.40561498118126,134.49418695413937,6774.715433063256,36.4120851538703
794.486194941713,41.2898782653808,55.90215829818771,2039.692491944345,15.456244270698742
680.3962575724853,61.31218096496623,105.84757485080156,9452.219988776249,33.06361636091376
